한글명,티커
쓰리엠,MMM
AO스미스,AOS
애보트,ABT
애브비,ABBV
액센츄어,ACN
어도비,ADBE
AMD,AMD
AES,AES
애플랙,AFL
애질런트,A
에어프로덕츠,APD
에어비앤비,ABNB
아카마이,AKAM
앨버말,ALB
알렉산드리아리얼에스테이트,ARE
얼라인테크놀로지,ALGN
알레지온,ALLE
얼라이언트에너지,LNT
올스테이트,ALL
알파벳,GOOGL
알파벳C,GOOG
알트리아,MO
아마존,AMZN
암코르,AMCR
아메렌,AEE
아메리칸일렉트릭파워,AEP
아메리칸익스프레스,AXP
AIG,AIG
아메리칸타워,AMT
아메리칸워터웍스,AWK
아메리프라이즈,AMP
아메텍,AME
암젠,AMGN
암페놀,APH
아날로그디바이스,ADI
에이온,AON
APA,APA
아폴로글로벌,APO
애플,AAPL
어플라이드머티어리얼즈,AMAT
앱러빈,APP
앱티브,APTV
아치캐피탈,ACGL
아처대니얼스미들랜드,ADM
아레스매니지먼트,ARES
아리스타네트웍스,ANET
아서J갤러거,AJG
어슈어런트,AIZ
AT&T,T
애트모스에너지,ATO
오토데스크,ADSK
ADP,ADP
오토존,AZO
에이버리데니슨,AVY
액손,AXON
베이커휴즈,BKR
볼,BALL
뱅크오브아메리카,BAC
백스터,BAX
벡톤디킨슨,BDX
버크셔해서웨이,BRK-B
베스트바이,BBY
바이오테크니,TECH
바이오젠,BIIB
블랙록,BLK
블랙스톤,BX
블록,XYZ
블룸에너지,BE
BNY멜론,BNY
보잉,BA
부킹홀딩스,BKNG
보스턴사이언티픽,BSX
브리스톨마이어스스퀴브,BMY
브로드컴,AVGO
브로드리지,BR
브라운앤드브라운,BRO
브라운포맨,BF-B
번지,BG
BXP,BXP
CH로빈슨,CHRW
케이던스,CDNS
캠든프로퍼티,CPT
캐피털원,COF
카디널헬스,CAH
카니발,CCL
캐리어,CARR
카바나,CVNA
케이시스,CASY
캐터필러,CAT
시보글로벌마켓,CBOE
CBRE,CBRE
CDW,CDW
센코라,COR
센틴,CNC
센터포인트에너지,CNP
CF인더스트리즈,CF
찰스리버,CRL
찰스슈왑,SCHW
차터커뮤니케이션즈,CHTR
셰브론,CVX
치폴레,CMG
처브,CB
처치앤드드와이트,CHD
시에나,CIEN
시그나,CI
신시내티파이낸셜,CINF
신타스,CTAS
시스코,CSCO
씨티그룹,C
시티즌스파이낸셜,CFG
클로록스,CLX
CME그룹,CME
CMS에너지,CMS
코카콜라,KO
코그니전트,CTSH
코히런트,COHR
코인베이스,COIN
콜게이트,CL
컴캐스트,CMCSA
컴포트시스템즈,FIX
코노코필립스,COP
콘솔리데이티드에디슨,ED
컨스텔레이션브랜즈,STZ
컨스텔레이션에너지,CEG
쿠퍼컴퍼니,COO
코파트,CPRT
코닝,GLW
코페이,CPAY
코르테바,CTVA
코스타그룹,CSGP
코스트코,COST
CRH,CRH
크라우드스트라이크,CRWD
크라운캐슬,CCI
CSX,CSX
커민스,CMI
CVS헬스,CVS
다나허,DHR
다든레스토랑,DRI
데이터독,DDOG
다비타,DVA
데커스,DECK
디어,DE
델,DELL
델타항공,DAL
데본에너지,DVN
덱스컴,DXCM
다이아몬드백에너지,FANG
디지털리얼티,DLR
달러제너럴,DG
달러트리,DLTR
도미니언에너지,D
도미노피자,DPZ
도어대시,DASH
도버,DOV
다우,DOW
DR호튼,DHI
DTE에너지,DTE
듀크에너지,DUK
듀폰,DD
이튼,ETN
이베이,EBAY
에코스타,ECHO
에코랩,ECL
에디슨인터내셔널,EIX
에드워즈라이프사이언스,EW
엘레반스헬스,ELV
엠코,EME
에머슨일렉트릭,EMR
엔터지,ETR
EOG리소스,EOG
EQT,EQT
에퀴팩스,EFX
에퀴닉스,EQIX
이리인뎀니티,ERIE
에식스프로퍼티,ESS
에스티로더,EL
에베레스트그룹,EG
에버지,EVRG
에버퓨어,P
에버소스에너지,ES
엑셀론,EXC
익스팬드에너지,EXE
익스피디아,EXPE
익스페디터스,EXPD
엑스트라스페이스스토리지,EXR
엑슨모빌,XOM
F5,FFIV
팩트셋,FDS
페어아이작,FICO
패스널,FAST
페더럴리얼티,FRT
페덱스,FDX
페덱스프레이트,FDXF
퍼거슨,FERG
FIS,FIS
피프스서드뱅코프,FITB
퍼스트솔라,FSLR
퍼스트에너지,FE
파이서브,FISV
플렉스,FLEX
포드,F
포티넷,FTNT
포티브,FTV
폭스,FOXA
폭스B,FOX
프랭클린리소시스,BEN
프리포트맥모란,FCX
가민,GRMN
가트너,IT
GE에어로스페이스,GE
GE헬스케어,GEHC
GE버노바,GEV
젠디지털,GEN
제네락,GNRC
제너럴다이내믹스,GD
제너럴밀스,GIS
제너럴모터스,GM
제뉴인파츠,GPC
길리어드,GILD
글로벌페이먼츠,GPN
글로브라이프,GL
고대디,GDDY
골드만삭스,GS
핼리버튼,HAL
하트포드,HIG
해즈브로,HAS
HCA헬스케어,HCA
헬스피크,DOC
헨리샤인,HSIC
허쉬,HSY
휴렛팩커드엔터프라이즈,HPE
힐튼,HLT
홈디포,HD
하니웰에어로스페이스,HONA
하니웰,HON
호멜푸드,HRL
호스트호텔앤리조트,HST
하우멧에어로스페이스,HWM
HP,HPQ
허벨,HUBB
휴매나,HUM
헌팅턴뱅크셰어스,HBAN
헌팅턴잉걸스,HII
IBM,IBM
아이덱스,IEX
아이덱스래버러토리,IDXX
일리노이툴웍스,ITW
일루미나,ILMN
인사이트,INCY
잉거솔랜드,IR
인슐렛,PODD
인텔,INTC
인터랙티브브로커스,IBKR
인터콘티넨탈익스체인지,ICE
IFF,IFF
인터내셔널페이퍼,IP
인튜이트,INTU
인튜이티브서지컬,ISRG
인베스코,IVZ
인비테이션홈즈,INVH
아이큐비아,IQV
아이언마운틴,IRM
JB헌트,JBHT
자빌,JBL
잭헨리,JKHY
제이콥스,J
존슨앤드존슨,JNJ
존슨컨트롤즈,JCI
JP모건,JPM
켄뷰,KVUE
큐리그닥터페퍼,KDP
키코프,KEY
키사이트,KEYS
킴벌리클라크,KMB
킴코리얼티,KIM
킨더모건,KMI
KKR,KKR
KLA,KLAC
크래프트하인즈,KHC
크로거,KR
L3해리스,LHX
랩코프,LH
램리서치,LRCX
라스베이거스샌즈,LVS
레이도스,LDOS
레나,LEN
레녹스,LII
일라이릴리,LLY
린데,LIN
라이브네이션,LYV
록히드마틴,LMT
로우스코퍼레이션,L
로우스,LOW
룰루레몬,LULU
루멘텀,LITE
라이온델바젤,LYB
M&T뱅크,MTB
마라톤페트롤리엄,MPC
메리어트,MAR
마시맥레넌,MRSH
마틴마리에타,MLM
마벨,MRVL
마스코,MAS
마스터카드,MA
맥코믹,MKC
맥도날드,MCD
맥케슨,MCK
메드트로닉,MDT
머크,MRK
메타,META
메트라이프,MET
메틀러토레도,MTD
MGM리조트,MGM
마이크로칩,MCHP
마이크론,MU
마이크로소프트,MSFT
미드아메리카아파트먼트,MAA
모더나,MRNA
몬델리즈,MDLZ
모놀리식파워,MPWR
몬스터베버리지,MNST
무디스,MCO
모건스탠리,MS
모자이크,MOS
모토로라솔루션,MSI
MSCI,MSCI
나스닥,NDAQ
넷앱,NTAP
넷플릭스,NFLX
뉴몬트,NEM
뉴스코프,NWSA
뉴스코프B,NWS
넥스트에라에너지,NEE
나이키,NKE
나이소스,NI
노드슨,NDSN
노퍽서던,NSC
노던트러스트,NTRS
노스롭그루먼,NOC
노르웨이지안크루즈,NCLH
NRG에너지,NRG
뉴코,NUE
엔비디아,NVDA
NVR,NVR
NXP,NXPI
오라일리오토모티브,ORLY
옥시덴탈,OXY
올드도미니언,ODFL
옴니콤,OMC
온세미,ON
원오크,OKE
오라클,ORCL
오티스,OTIS
팩카,PCAR
패키징코퍼레이션오브아메리카,PKG
팔란티어,PLTR
팔로알토네트웍스,PANW
파라마운트스카이댄스,PSKY
파커하니핀,PH
페이첵스,PAYX
페이팔,PYPL
펜테어,PNR
펩시코,PEP
화이자,PFE
PG&E,PCG
필립모리스,PM
필립스66,PSX
피나클웨스트,PNW
PNC파이낸셜,PNC
PPG,PPG
PPL,PPL
프린시펄파이낸셜,PFG
프록터앤드갬블,PG
프로그레시브,PGR
프로로지스,PLD
프루덴셜파이낸셜,PRU
PSEG,PEG
PTC,PTC
퍼블릭스토리지,PSA
풀트그룹,PHM
콴타서비스,PWR
퀄컴,QCOM
퀘스트다이아그노스틱스,DGX
큐니티일렉트로닉스,Q
랄프로렌,RL
레이먼드제임스,RJF
레딧,RDDT
RTX,RTX
리얼티인컴,O
리젠시센터스,REG
리제네론,REGN
리전스파이낸셜,RF
리퍼블릭서비스,RSG
레스메드,RMD
레비티,RVTY
로빈후드,HOOD
로크웰오토메이션,ROK
롤린스,ROL
로퍼테크놀로지,ROP
로스스토어,ROST
로열캐리비안,RCL
S&P글로벌,SPGI
세일즈포스,CRM
샌디스크,SNDK
SBA커뮤니케이션즈,SBAC
슐럼버거,SLB
시게이트,STX
셈프라,SRE
서비스나우,NOW
셔윈윌리엄스,SHW
사이먼프로퍼티,SPG
스카이웍스,SWKS
JM스머커,SJM
스머핏웨스트록,SW
스냅온,SNA
솔벤텀,SOLV
서던컴퍼니,SO
사우스웨스트항공,LUV
스탠리블랙앤드데커,SWK
스타벅스,SBUX
스테이트스트리트,STT
스틸다이내믹스,STLD
스테리스,STE
스트라이커,SYK
슈퍼마이크로,SMCI
싱크로니파이낸셜,SYF
시놉시스,SNPS
시스코코퍼레이션,SYY
T모바일,TMUS
T로웨프라이스,TROW
테이크투,TTWO
태피스트리,TPR
타가리소시스,TRGP
타깃,TGT
TE커넥티비티,TEL
텔레다인,TDY
테라다인,TER
테슬라,TSLA
텍사스인스트루먼트,TXN
텍사스퍼시픽랜드,TPL
텍스트론,TXT
써모피셔,TMO
TJX,TJX
TKO그룹,TKO
트랙터서플라이,TSCO
트레인테크놀로지,TT
트랜스다임,TDG
트래블러스,TRV
트림블,TRMB
트루이스트,TFC
타일러테크놀로지,TYL
타이슨푸드,TSN
US뱅코프,USB
우버,UBER
UDR,UDR
울타뷰티,ULTA
유니온퍼시픽,UNP
유나이티드항공,UAL
UPS,UPS
유나이티드렌탈,URI
유나이티드헬스,UNH
유니버설헬스서비스,UHS
발레로에너지,VLO
비바시스템즈,VEEV
벤타스,VTR
베랄토,VLTO
베리사인,VRSN
베리스크,VRSK
버라이즌,VZ
버텍스,VRTX
버티브,VRT
비아트리스,VTRS
비치프로퍼티,VICI
비자,V
비스트라,VST
비브마크레지덴셜,VMRK
벌컨머티리얼즈,VMC
WR버클리,WRB
그레인저,GWW
웹텍,WAB
월마트,WMT
디즈니,DIS
워너브라더스디스커버리,WBD
웨이스트매니지먼트,WM
워터스,WAT
WEC에너지,WEC
웰스파고,WFC
웰타워,WELL
웨스트파마슈티컬,WST
웨스턴디지털,WDC
웨어하우저,WY
윌리엄스소노마,WSM
윌리엄스컴퍼니,WMB
윌리스타워스왓슨,WTW
워크데이,WDAY
윈리조트,WYNN
엑셀에너지,XEL
자일럼,XYL
얌브랜즈,YUM
지브라테크놀로지,ZBRA
짐머바이오메트,ZBH
조에티스,ZTS
마소,MSFT
구글,GOOGL
페이스북,META
제이피모건,JPM
존슨앤존슨,JNJ
P&G,PG
펩시,PEP
에이엠디,AMD
아이비엠,IBM
레이시온,RTX
ASML,ASML
TSMC,TSM
대만반도체,TSM
ARM,ARM
암홀딩스,ARM
스노우플레이크,SNOW
클라우드플레어,NET
쇼피파이,SHOP
스트래티지,MSTR
마이크로스트래티지,MSTR
로블록스,RBLX
유니티,U
스포티파이,SPOT
줌,ZM
로쿠,ROKU
핀터레스트,PINS
스냅,SNAP
리프트,LYFT
리비안,RIVN
루시드,LCID
니오,NIO
리오토,LI
샤오펑,XPEV
알리바바,BABA
핀둬둬,PDD
징둥,JD
바이두,BIDU
GM,GM
도요타,TM
소니,SONY
노보노디스크,NVO
아스트라제네카,AZN
바이오엔테크,BNTX
아멕스,AXP
3M,MMM
오클로,OKLO
뉴스케일파워,SMR
엔페이즈,ENPH
아이온큐,IONQ
리게티,RGTI
디웨이브,QBTS
소파이,SOFI
어펌,AFRM
업스타트,UPST
쿠팡,CPNG
트레이드데스크,TTD
메르카도리브레,MELI
씨리미티드,SE
누홀딩스,NU
게임스톱,GME
AST스페이스모바일,ASTS
로켓랩,RKLB
인튜이티브머신스,LUNR
힘스앤허스,HIMS
셀시어스,CELH
코어위브,CRWV
서클,CRCL
